Code prdt,DESIGNATION,Classe,Date,month,year,vente,stock,Total,cg,ipp,pfc,cde,hedelix,respi,gastro,otc,mb,vip,P_valeur,feature,vente_lag1,vente_lag2,stock_lag1,stock_lag2,total_lag1,total_lag2,feature_lag1,feature_lag2,vente_roll3,stock_roll3,total_roll3,feature_roll3,month_sin,month_cos,vente_trend,vente_season,stock_trend,stock_season,Total_trend,Total_season,feature_trend,feature_season,cluster_label,Prediction
PF009,Amuchina 5% solution externe flacon 250 ML,A-,2024-12-01,12,2024,1458.0,120763.0,31027.0,0,0,1,0,0,0,0,0,0,0,0.776231508,15863.90869909,97308.0,61173.0,111624.0,112702.0,63257.0,51514.0,41007.182016293,52085.0249629,73822.0,108687.33333333333,59622.0,55689.836204866,-2.4492935982947064e-16,1.0,53362.01157407413,-51904.011574074124,121715.77344107228,-952.7734410722625,48576.0840622478,-17549.084062247795,44881.61302960978,-29017.704330519777,1,28451.275456856223
PF012,"Dermosone 0,05% crème dermique tube 15GR",A0,2024-12-01,12,2024,980.0,88624.0,28950.0,0,0,1,0,0,0,0,0,0,0,0.205630823,19478.13445485,81725.0,48512.0,83142.0,84387.0,32265.0,39565.0,42526.318580235005,32329.54318678,62285.666666666664,81592.0,41708.333333333336,42422.414965593336,-2.4492935982947064e-16,1.0,53246.26336510844,7888.733355570564,78323.37430555557,10300.625694444449,39800.958333333314,-10850.95833333331,38930.16692288085,-19452.03246803085,1,15905.481648757024
PF013,"Dermosone 0,05% pomade dermique tube 15GR",A0,2024-12-01,12,2024,1014.0,113329.0,39873.0,0,0,1,0,0,0,0,0,0,0,0.462327689,32741.973164373,111903.0,57969.0,103890.0,110324.0,51767.0,51160.0,69268.634909794,43812.63848936,79599.0,105485.33333333333,55797.666666666664,57873.515720181334,-2.4492935982947064e-16,1.0,61828.85416666664,-60814.85416666666,111981.30555555556,1347.6944444444173,55204.48388203011,-15331.483882030116,52814.66518998977,-20072.69202561674,1,37481.724505734426
PF014,"Fluskin 0,05% gel dermique tube 30GR",B,2024-12-01,12,2024,0.0,50.0,0.0,0,0,1,0,0,0,0,0,0,0,0.313386971,0.0,2418.0,0.0,0.0,0.0,0.0,0.0,0.0,0.0,806.0,0.0,0.0,0.0,-2.4492935982947064e-16,1.0,-395.18431342895553,395.1843134289554,-727.2486356539116,777.2486356539113,-249.2671725764508,249.26717257645063,-706.7453385350418,706.745338535042,0,-17.579374505363376
PF017,"Dermosone Neo 0,05% pomade dermique tube 15GR",B,2024-12-01,12,2024,0.0,7.0,0.0,0,0,1,0,0,0,0,0,0,0,0.999999976,0.0,0.0,0.0,0.0,0.0,0.0,0.0,0.0,0.0,0.0,0.0,0.0,0.0,-2.4492935982947064e-16,1.0,40.70681977322277,-40.70681977322276,203.82708333333335,-196.8270833333334,-113.07989604451808,113.07989604451808,-92.90504080556833,92.9050408055684,0,114.01164434852217
PF019,Ecorex 1% lait dermique flacon 30 ML,NC,2024-12-01,12,2024,140.0,26466.0,9500.0,0,0,1,0,0,0,0,0,0,0,0.047868432,6356.1745,26324.0,12850.0,27157.0,28387.0,12631.0,12294.0,15815.551365232,10044.26051499,17873.0,26340.333333333332,13373.0,14408.333608504,-2.4492935982947064e-16,1.0,12016.393494643915,-11876.393494643919,31093.722916666677,-4627.722916666663,9729.866319444434,-229.866319444433,9487.03379671456,-3130.8592967145605,1,9014.042096282088
PF022,Mucosol 5% sirop adulte flacon 200GR,NC,2024-12-01,12,2024,0.0,274.0,0.0,0,0,1,0,0,0,0,0,0,0,0.90718478,0.0,2.0,1139.0,18.0,28.0,0.0,0.0,0.0,0.0,774.3333333333334,57.333333333333336,0.0,0.0,-2.4492935982947064e-16,1.0,6464.506941223874,-6464.506939797166,15834.059027769526,-8145.559027821143,-3357.7266583321307,3357.72665833213,3883.674823125797,-3883.6748231257943,2,3619.721343410886
PF024,Ecorex 1% crème dermique tube 30GR,A0,2024-12-01,12,2024,465.0,55257.0,20276.0,0,0,1,0,0,0,0,0,0,0,0.111177372,13155.78839524,53247.0,29200.0,57240.0,61813.0,25655.0,26249.0,26883.744044325,20630.210956011,38382.333333333336,57468.666666666664,28621.0,29316.161605143672,-2.4492935982947064e-16,1.0,29268.958333333372,-28803.958333333376,57153.17356604674,-1896.1735475602973,26948.748279582476,-6672.748279582476,27958.548500634934,-14802.760105394935,0,17599.320426297676
PF031,Ecorex 150MG ovule boite de 3,B,2024-12-01,12,2024,201.0,24688.0,7639.0,0,0,1,0,0,0,0,0,0,0,0.094307124,4719.847275631,11515.0,12737.0,24697.0,22767.0,10903.0,13757.0,8583.815455959999,18179.148002326,11889.333333333334,22847.0,11238.666666666666,12557.740939471332,-2.4492935982947064e-16,1.0,10436.184722222217,-10235.184722222215,25395.937499999975,-707.9374999999782,9698.814546850735,-2059.812377227673,9932.468012102629,-5212.6207364716265,1,6850.969566592426
PF036,"Dermosalic 0,05% pomade dermique tube 30GR",A0,2024-12-01,12,2024,1450.0,132494.0,52658.0,0,0,1,0,0,0,0,0,0,0,0.087291744,36113.466600904,73731.0,85911.0,133936.0,126762.0,70292.0,76547.0,66170.369323844,69521.085074202,76301.66666666667,115627.66666666667,72157.0,63922.042000586,-2.4492935982947064e-16,1.0,74830.03611111121,-73380.03611111117,128847.21875000009,3646.7812499999386,68168.61925026185,-15510.619250261872,71021.24599452139,-34907.7793936174,0,46787.44614840402
PF049,"Glyss 0,77G suppositoire nourrisson boite de 10",B,2024-12-01,12,2024,0.0,491.0,0.0,0,0,1,0,0,0,0,0,0,0,0.068225186,0.0,14443.0,2.0,11092.666666666668,280.0,0.0,0.0,0.0,0.0,4877.0,3931.555555555556,0.0,0.0,-2.4492935982947064e-16,1.0,236.4189970263427,-236.4189970263422,-9542.235106402622,10033.235106402624,-6868.951123418807,6868.951123418805,-5449.81511353344,5449.815113533437,1,713.4412207229725
PF066,Diclopal 100MG suppositoire boite de 10,NC,2024-12-01,12,2024,119.0,26602.0,12286.0,0,0,1,0,0,0,0,0,0,0,0.330101672,9904.836751684,21005.0,10048.0,26979.0,32228.0,9044.0,8447.0,9023.78534862,10113.908891095,13572.333333333334,30970.666666666668,8316.0,9270.999610975998,-2.4492935982947064e-16,1.0,14877.093824292482,1196.9763896698776,38066.38888886491,-3722.888888947141,9585.435185185188,2700.564814814814,8836.826384183527,1068.0103675004718,1,8608.112250237802
PF068,"Bromisol 0,2% solution buvable flacon 60ML",NC,2024-12-01,12,2024,153.0,4015.0,3337.0,0,0,1,0,0,0,0,0,0,0,0.473711674,3492.0036399890005,12302.0,5693.0,1978.0,984.0,6550.0,8023.0,9124.2961436,12714.043719442,6667.333333333333,1003.0,6633.0,9151.671027462666,-2.4492935982947064e-16,1.0,4978.651556421932,-4825.648672792817,960.4396695773316,3054.5603304226693,4681.831018518517,-1344.8310185185162,5897.953292134308,-2405.9496521453043,2,3748.8594377420477
PF076,Aciclovir 5% crème dermique tube 5 GR,A+,2024-12-01,12,2024,474.0,39803.0,17521.0,0,0,1,0,0,0,0,0,0,0,0.008851811,17232.697586762,32737.0,16933.0,33584.0,33049.0,10540.0,16785.0,13917.54546636,14504.808188925,22744.666666666668,32040.666666666668,15691.666666666666,13714.881308761667,-2.4492935982947064e-16,1.0,21615.578750381985,-599.9476779711525,36893.625000004846,8538.37499994682,16500.645320508273,1020.3546794917222,17399.78312511507,-167.0855383530765,1,12844.407344316067
PF091,Tussipax sirop enfant flacon 125ML,NC,2024-12-01,12,2024,102.0,9040.0,6720.0,0,0,1,0,0,0,0,0,0,0,0.969332145,9975.01006656,7955.0,2548.0,9195.0,9845.0,3096.0,1464.0,3588.951999312,2250.000000144,4183.666666666667,9664.333333333334,2106.3333333333335,3610.674095409999,-2.4492935982947064e-16,1.0,3025.445436513037,-2923.445436512356,13138.621527773163,-4098.621527773163,1713.8422363973832,349.83504017542873,3715.7054217756413,6259.304644784358,2,4244.9575762802015
PF097,Afusidic 2% crème dermique tube 15GR,A0,2024-12-01,12,2024,556.0,61557.0,12950.0,0,0,1,0,0,0,0,0,0,0,0.137426862,6860.00071575,47927.0,35504.0,49604.0,51343.0,28683.0,33850.0,21826.30676409,41072.81832155,39297.0,46533.333333333336,34402.0,38883.643727683666,-2.4492935982947064e-16,1.0,24779.09722222221,-24223.097222222215,59542.08273700654,-2460.443870980045,21902.272916666658,-8952.272916666654,22291.07195961949,-15431.071243869486,1,12893.985246850614
PF109,Relaxil 4MG,B,2024-12-01,12,2024,0.0,126.0,0.0,0,0,1,0,0,0,0,0,0,0,0.412399179,0.0,730.0,4.0,2.0,2.0,0.0,0.0,0.0,0.0,255.33333333333334,2.6666666666666665,0.0,0.0,-2.4492935982947064e-16,1.0,-245.266697094478,245.2666260839892,-1002.120201630946,1128.1202016309464,-453.6152489676492,-232.2424366177174,-266.497822948225,266.497822948225,0,-276.62540371521754
PF110,Tallis 1% crème dermique tube 15GR,C,2024-12-01,12,2024,16.0,8781.0,1100.0,0,0,1,0,0,0,0,0,0,0,0.06267665,619.1601933000001,5544.0,4054.0,7504.0,8116.0,2462.0,3541.0,2569.9113975940004,3697.412269439,4572.666666666667,7480.666666666667,3657.0,3779.5387504590003,-2.4492935982947064e-16,1.0,3582.785879629631,-3566.785879629629,7367.2099865539,1413.790013446099,3563.7080761316856,-2463.708076131686,3959.529839581067,-3340.3696462810663,1,1082.4517627692076
PF118,"Pradis 0,1% solution buvable flacon 200 ML",B,2024-12-01,12,2024,0.0,241.0,0.0,0,0,1,0,0,0,0,0,0,0,0.257555938,0.0,2377.0,0.0,5547.333333333334,14567.5,0.0,0.0,0.0,0.0,792.3333333333334,6704.944444444445,0.0,0.0,-2.4492935982947064e-16,1.0,-793.625246679318,793.6252466793184,9020.48222260834,-8779.482222608342,-64.56828806979307,64.56828806979307,-441.35424854488355,-371.1205935976194,0,-235.26674796736734
PF119,Pradis 10MG suppositoire boite de 10,NC,2024-12-01,12,2024,0.0,287.0,0.0,0,0,1,0,0,0,0,0,0,0,0.779211485,0.0,3606.0,179.0,226.0,882.0,0.0,0.0,0.0,0.0,1576.6666666666667,951.0,0.0,0.0,-2.4492935982947064e-16,1.0,1876.1758412504855,-1876.175841250486,964.5942453105913,-677.5942453105908,1542.4385286806219,-1542.4385286806216,1697.63198843983,-1697.6319884398304,0,99.86492192443438
PF132,Tallis spray 1% flacon 15 ML,NC,2024-12-01,12,2024,11.0,3439.0,850.0,0,0,1,0,0,0,0,0,0,0,0.568704124,404.7844228,1114.0,1402.0,3823.0,3956.0,1150.0,1445.0,2127.0943559,1283.689776015,1324.3333333333333,3410.0,1098.3333333333333,1322.562197805,-2.4492935982947064e-16,1.0,1063.6250000000005,-1052.6250000000005,2777.177777777783,661.822222222219,1118.1952526040427,-268.1955885560847,1088.0802992168603,-683.2958764168607,0,702.3413377048455
PF135,Fer Plus solution buvable flacon 250ML,A+,2024-12-01,12,2024,210.0,29129.0,8109.0,0,0,1,0,0,0,0,0,0,0,0.012466042,5312.461098339,14838.0,16607.0,31386.0,26927.0,14342.0,15970.0,11221.266321346,19208.7504952,15773.666666666666,27375.333333333332,14552.333333333334,14758.524464660333,-2.4492935982947064e-16,1.0,14309.270833333336,-14099.270833333334,26943.150077160488,2185.849922839518,12363.380480788066,-4254.380480788063,12148.906821601156,-6836.445723262155,0,7708.098223255205
PF137,Cortinase 64MCG spray nasal flacon 120 dose,A+,2024-12-01,12,2024,76.0,17709.0,6089.0,0,0,1,0,0,0,0,0,0,0,0.045168261,5112.594666354,8207.0,7962.0,17082.0,16382.0,7893.0,6806.0,9271.990876302,11906.703967112,7173.333333333333,16509.666666666668,6149.666666666667,7859.355331554667,-2.4492935982947064e-16,1.0,7325.20624999999,-7249.206249999987,17018.474583962226,153.74784302446506,6974.541666666666,-885.5416666666648,6644.712822985017,-1532.1181566310152,0,5344.60454283247
PF142,Rinosal 50MCG spray nasal 120 doses,A0,2024-12-01,12,2024,281.0,28275.0,13152.0,0,0,1,0,0,0,0,0,0,0,0.050646489,10144.496636448,26430.0,15184.0,24924.0,26386.0,13139.0,16782.0,12616.997502501,23606.837370408,18262.333333333332,24579.333333333332,15576.0,22798.879367319332,-2.4492935982947064e-16,1.0,16424.824305555572,-16143.82430555557,27276.45592277284,-753.3887519916092,7566.00659722223,3378.54340277778,9001.799174710552,1142.6974617374483,0,11039.582212917814
PF148,Domper comprimé 10 MG boite de 40,NC,2024-12-01,12,2024,129.0,17543.0,8089.0,0,0,1,0,0,0,0,0,0,0,0.056522777,7270.542644275,15664.0,7188.0,18096.0,23790.0,7380.0,5490.0,8720.59196664,3158.1008145,9983.666666666666,22822.666666666668,5580.0,4887.836158890001,-2.4492935982947064e-16,1.0,11550.493055555566,-11421.493055555562,23209.274489185944,-5666.274489185949,8113.754116469401,-24.754116469403392,7012.543627196531,257.9990170784689,0,7383.67864944145
PF149,Afusidic 250 MG comprimé pelliculé boite de 10,A0,2024-12-01,12,2024,43.0,14646.0,1880.0,0,0,1,0,0,0,0,0,0,0,0.133148919,1034.27292524,8743.0,6852.0,9753.0,11613.0,2760.0,7046.0,1759.13023452,11999.944054644,7283.333333333333,10633.0,5174.333333333333,6827.886002353,-2.4492935982947064e-16,1.0,4643.6414933910455,-4600.6414933910455,12071.133974949722,2552.242140649194,4007.9236111111068,-2127.9236111111068,4754.424524892931,-3720.1515996529283,1,1755.2498987590388
PF151,Prilia crème dermique tube 30,A0,2024-12-01,12,2024,148.0,26579.0,5851.0,0,0,1,0,0,0,0,0,0,0,0.006759773,5661.054633856,20292.0,10337.0,26334.0,28928.0,5560.0,7896.0,4407.1535712,5773.806956064001,14483.666666666666,26168.0,8876.333333333334,7227.374881558001,-2.4492935982947064e-16,1.0,12253.470316549314,-12105.448085807551,26274.548611111088,304.4513888889059,9433.276725699205,-3582.276725699201,10101.389188742427,-4440.334554886426,0,5506.561508757753
PF157,Ippsium 20 MG gélule boite de 14,NC,2024-12-01,12,2024,47.0,11542.0,1516.0,0,0,1,0,0,0,0,0,0,0,0.382640863,1401.705668876,5330.0,3335.0,10948.0,9929.0,2079.0,2900.0,2018.730307671,2150.5971757,4380.666666666667,9845.333333333334,3393.0,3704.964844190333,-2.4492935982947064e-16,1.0,3826.444444444446,-3779.4444444444453,9987.498456687967,1406.3904318137918,2887.333333333338,-1371.3333333333367,3191.2909734857517,-1789.5853046097507,1,1501.2608287823023
PF158,Ippsium 20 MG gélule boite de 28,NC,2024-12-01,12,2024,27.0,7300.0,917.0,0,0,1,0,0,0,0,0,0,0,0.044810491,833.724734843,3644.0,2008.0,7072.0,6656.0,1208.0,1800.0,1141.8303274480002,1467.247482,2683.6666666666665,6490.333333333333,2109.0,2413.3060252086666,-2.4492935982947064e-16,1.0,2442.048611111112,-2415.0486111111127,6774.805555555554,525.1944444444464,1717.9930555555536,-800.9930555555536,1937.1800036429497,-1103.4552687999485,1,947.9571868232633
PF159,Ippsium 40 MG gélule boite de 14,A0,2024-12-01,12,2024,63.0,11603.0,2157.0,0,0,1,0,0,0,0,0,0,0,0.213297022,1954.908510843,7308.0,4563.0,12010.0,10365.0,3720.0,3674.0,4295.45281152,2901.094965714,5552.666666666667,10127.666666666666,4198.0,4527.640804214666,-2.4492935982947064e-16,1.0,3785.1414945946954,-3722.141494594697,10086.291666666657,1516.708333333341,3665.6905849583795,-98.58431391460975,4096.841072431203,-2141.932561588205,0,2859.080534595161
PF161,Ecorex LP 150MG ovule boite de 1,C,2024-12-01,12,2024,121.0,18088.0,4800.0,0,0,1,0,0,0,0,0,0,0,0.221859671,3641.9145024,15811.0,7840.0,17581.0,19353.0,6600.0,6500.0,5880.7437216,5929.496976,10683.0,18229.666666666668,7233.333333333333,7853.367636800001,-2.4492935982947064e-16,1.0,7896.9566120827485,-7775.952773198491,18516.986111111117,-428.98611111111364,6200.604166666664,-1400.6041666666629,6259.987520129395,-3443.121390691279,1,4487.314066308471
PF162,Itragyn 100 gélule boite de 4,C,2024-12-01,12,2024,25.0,4445.0,2064.0,0,0,1,0,0,0,0,0,0,0,0.5247232,1484.154609984,3404.0,1839.0,4389.0,4393.0,1607.0,1992.0,1121.461272299,1885.722110832,2301.3333333333335,4114.333333333333,1783.6666666666667,1941.348589403667,-2.4492935982947064e-16,1.0,1929.1770730386595,-1904.1770666966456,4431.6300395769795,563.9660418385214,1827.1258724872182,236.8741275127818,1838.2296554162147,-354.0750454322145,0,1703.1171666632563
PF173,Fer Plus solution buvable stick boite de 32,NC,2024-12-01,12,2024,86.0,10962.0,1935.0,0,0,1,0,0,0,0,0,0,0,0.042586428,1231.97287041,5134.0,5211.0,10331.0,9500.0,5292.0,3499.0,4057.463088252,4312.976484824,5057.0,9437.333333333334,4292.333333333333,4039.859063018667,-2.4492935982947064e-16,1.0,4905.635007809713,750.1426371742189,10180.80833333333,781.1916666666679,3446.879816974042,-1511.879816974041,3346.93985430084,-2114.966983890841,0,1234.4747739946251
PF177,Ippsium 20 MG gélule boite de 7,NC,2024-12-01,12,2024,39.0,12979.0,3680.0,0,0,1,0,0,0,0,0,0,0,0.76063029,3619.74322368,8103.0,5166.0,14544.0,13419.0,3690.0,3679.0,3623.69777004,2689.306411896,6748.0,13225.333333333334,4736.333333333333,4349.546934191999,-2.4492935982947064e-16,1.0,5940.3715277648935,-5901.371527759173,13093.844064324152,-114.84406391780124,5084.423610426832,-1404.4236104268323,5465.260399947054,-1845.517176267053,1,3418.1783933564775
PF182,Amustil crème tube de 70 G,A0,2024-12-01,12,2024,108.0,27243.0,5488.0,0,0,1,0,0,0,0,0,0,0,0.001033907,5832.987720672,21322.0,12049.0,26430.0,31849.0,8293.0,11371.0,6299.178048545999,8408.661750178999,15167.0,30908.666666666668,9750.0,7466.107016419001,-2.4492935982947064e-16,1.0,12302.040942911462,3501.5888076017072,38770.835069444445,9848.789930555517,6568.7013888889005,-1080.701388888898,7594.910609321325,-1761.9228886493254,1,5633.547170249028
PF186,Afusidic 250 MG comprimé pelliculé boite de 20,A0,2024-12-01,12,2024,136.0,20652.0,5742.0,0,0,1,0,0,0,0,0,0,0,0.127750021,1791.579656592,18300.0,12953.0,18354.0,18146.0,7862.0,13374.0,8873.485382002,8635.626144432,14423.666666666666,17396.666666666668,11262.333333333334,12227.257754965001,-2.4492935982947064e-16,1.0,9066.227430591794,-8930.227430591794,20501.681249992118,7236.018749958555,6780.264057445025,-1038.2640574450268,7780.453979009452,-5988.874322417454,1,5670.715422752733
PF208,Goldix Duo sachet dose,NC,2024-12-01,12,2024,63.0,3450.0,1848.0,0,0,1,0,0,0,0,0,0,0,0.995675266,2073.124768176,1373.0,2611.0,2839.0,3417.0,1145.0,1000.0,835.833728405,1357.5562699999998,1713.6666666666667,3403.0,863.0,978.3265622763333,-2.4492935982947064e-16,1.0,2030.3634445926623,-142.92750580276447,3538.880380726371,-88.8803807263702,1264.1780960640876,583.8219039359122,1401.4894713331153,671.6352968428847,1,1306.3369931168236
PF209,Eolide Easy Flow 200,A-,2024-12-01,12,2024,154.0,12897.0,11526.0,0,0,1,0,0,0,0,0,0,0,0.114394343,10685.924746812,13492.0,5072.0,11496.0,14008.0,6533.0,5040.0,10072.654242048,6036.361682400001,7710.666666666667,12718.666666666666,5065.0,6435.361650870001,-2.4492935982947064e-16,1.0,7454.07333920906,-7300.0733392090615,15533.914682537215,-2636.91468253722,5435.284654019011,6090.71534598099,8698.567112703426,1987.3576341085716,0,10233.633873178867
PF215,Aciryl 150 mg boite de 60,A+,2024-12-01,12,2024,32.0,931.0,319.0,0,0,1,0,0,0,0,0,0,0,0.300621583882475,201.709263679,446.0,410.0,1208.0,1156.0,295.0,1507.0,287.958812265,1659.9225718240002,440.3333333333333,1145.3333333333333,920.6666666666666,1060.1108353363336,-2.4492935982947064e-16,1.0,236.8700824568549,-204.87008245685493,1430.5628458643603,-499.56284586436055,689.3888134296477,-370.3888134296473,627.0312297116536,-425.32196603265385,1,344.0517349398742
PF219,Painofen enfant-nourrissons flacon 120,B,2024-12-01,12,2024,0.0,56.0,0.0,0,0,1,0,0,0,0,0,0,0,0.820513498,0.0,120.0,118.0,5702.0,3.0,0.0,0.0,0.0,0.0,158.33333333333334,1973.6666666666667,0.0,0.0,-2.4492935982947064e-16,1.0,-513.0081525889086,513.0081525889088,492.42853977972504,-436.4285397797261,-770.3814766864135,770.3814766864135,-498.659746964769,498.659746964769,0,224.76198646664852
PF233,Calperos 500 MG comprimé boite de 30,A0,2024-12-01,12,2024,1208.0,80585.0,25528.0,0,0,1,0,0,0,0,0,0,0,0.178147477,16870.772351528,59450.0,34127.0,66789.0,75165.0,29133.0,32717.0,15617.633847426,35837.897891787004,42591.333333333336,68894.66666666667,28739.666666666668,26836.402975286004,-2.4492935982947064e-16,1.0,32882.50496031325,-31674.50496031326,68481.97608835078,12103.023911649194,22557.862353807508,2970.137646192491,15411.507597426036,1459.2647541019644,0,20703.428409797485
PF240,Valcyvir 500 MG comprimé boite de 10,NC,2024-12-01,12,2024,0.0,610.0,52.0,0,0,1,0,0,0,0,0,0,0,0.300621583882475,6.72941178,89.0,65.0,714.0,715.0,34.0,22.0,48.571428586,51.333333326,80.0,719.6666666666666,43.0,46.98908730400001,-2.4492935982947064e-16,1.0,109.83741584988202,-18.27166070855672,742.6191804144628,-71.46908140882101,51.165505286222,-10.644978031033828,25.797328042369084,-5.115675222853521,0,108.46447380289464
PF242,Astair 5 MG comprimé boite de 30,B,2024-12-01,12,2024,12.0,4104.0,1904.0,0,0,1,0,0,0,0,0,0,0,0.000899399,1210.55376568,3351.0,1633.0,3127.0,3410.0,1805.0,1922.0,2358.81326597,3124.1093511860004,2119.0,3220.3333333333335,1843.3333333333333,2919.2018930843333,-2.4492935982947064e-16,1.0,1832.1736111111127,-1820.173611111112,4023.388888888895,80.61111111110603,1577.9027777777794,326.0972222222209,1882.118863890696,-671.5650982106966,1,1615.8979447914917
PF243,Astair 10 MG comprimé boite de 30,A+,2024-12-01,12,2024,45.0,7409.0,3102.0,0,0,1,0,0,0,0,0,0,0,0.000424571,2083.14726246,3777.0,2683.0,5670.0,5712.0,2947.0,2170.0,3947.57690383,1843.35883172,3058.3333333333335,5360.666666666667,2581.3333333333335,2670.4984572783337,-2.4492935982947064e-16,1.0,4330.240752502972,-575.5273852944141,6685.938695230587,723.0630569715363,3039.4213028400322,62.57869715996601,3209.756009078431,-1126.60874661843,0,2126.706642569354
PF246,notos combi 200 mg boite de 12,A0,2024-12-01,12,2024,42.0,7684.0,3876.0,0,0,1,0,0,0,0,0,0,0,0.006360019,3375.725583108,2934.0,2714.0,8134.0,7272.0,2520.0,2292.0,3108.53932704,3164.941264392,2651.0,7271.333333333333,2132.0,2450.283346584,-2.4492935982947064e-16,1.0,2707.350753254546,-2665.3507532545455,10172.930555553135,-2488.9305555531346,2352.4067460318947,1523.5932539681064,2414.433528974958,961.292054133042,1,3399.510708922874
PF248,Aciryl 150 MG boite de 30,C,2024-12-01,12,2024,5.0,630.0,149.0,0,0,1,0,0,0,0,0,0,0,0.300621583882475,85.741330777,238.0,131.0,548.0,654.0,84.0,121.0,85.359999984,82.661028032,160.66666666666666,595.3333333333334,102.0,131.438010299,-2.4492935982947064e-16,1.0,114.28931170652123,-109.28931170652123,756.952195246434,-126.95219524643424,102.07896323166995,46.92103676833005,86.79722232119435,-1.0558915441943095,0,198.74760910097575
PF249,Aciryl 75 MG boite de 60,C,2024-12-01,12,2024,11.0,958.0,243.0,0,0,1,0,0,0,0,0,0,0,0.300621583882475,227.522292876,323.0,344.0,981.0,725.0,240.0,302.0,194.35406688,361.707736272,310.6666666666667,814.0,271.6666666666667,272.614208394,-2.4492935982947064e-16,1.0,264.5861111111111,-253.58611111111122,922.3656627472676,35.41738913666519,246.04882326674684,-3.04886044473758,270.8387184502444,-43.316425574244484,0,312.93432886655864
PF250,Alezine 5 MG boite de 30,NC,2024-12-01,12,2024,38.0,7923.0,2340.0,0,0,1,0,0,0,0,0,0,0,0.199444867,1401.3210042,5446.0,4253.0,4863.0,5568.0,3020.0,4457.0,2921.79210358,4201.00358496,4451.666666666667,5043.666666666667,3705.6666666666665,3774.599757833332,-2.4492935982947064e-16,1.0,2960.1912854180114,-2922.1931784593125,8128.81316492471,2277.590665041618,3176.7653431497565,-836.767663993235,2972.2417862362995,-1570.8052897714563,0,2289.232095211166
PF259,Xtiova Easy Flow 18,A+,2024-12-01,12,2024,133.0,12893.0,7458.0,0,0,1,0,0,0,0,0,0,0,0.125902166,6137.630548896001,5968.0,5901.0,13513.0,12639.0,5816.0,6672.0,7194.116763616,7157.106868608001,5937.666666666667,12302.0,5896.0,6747.160979008,-2.4492935982947064e-16,1.0,6406.395833333334,-6273.395833333336,12511.193181818173,381.80681818182813,6767.770833333325,690.2291666666732,6979.840716566192,-842.2101676701891,0,6173.734668545189
PF260,"Elixtra comprimé 2,5 MG boite de 20",B,2024-12-01,12,2024,707.0,3860.0,1440.0,0,0,1,0,0,0,0,0,0,0,0.546452423,1254.31414992,2027.0,1288.0,3745.0,4180.0,1154.0,1111.0,1221.105311182,714.284368864,1533.6666666666667,3798.6666666666665,1132.3333333333333,866.7414654286667,-2.4492935982947064e-16,1.0,1505.7215909090937,-798.7215909090932,3370.2274305555725,489.77256944442587,1410.1080246913598,29.89197530864015,1554.1465443103655,-299.83239439036464,0,1298.3666667505004
PFC005,Ialugyn ovules boite de 10,C,2024-12-01,12,2024,42.0,7289.0,1160.0,0,0,1,0,0,0,0,0,0,0,0.045409415,490.69340612,2934.0,2634.0,7689.0,8233.0,2836.0,2366.0,2630.876992248,2579.752361368,2620.6666666666665,7865.333333333333,2338.0,2279.9963684493337,-2.4492935982947064e-16,1.0,2499.7812499998863,-2457.7812499998868,10698.217592592599,-3409.217592592594,1933.218749999981,-773.2187499999811,2243.1057722137575,-1752.4123660937576,1,1432.048345674224
PFC007,Asterane stick boite de 20,NC,2024-12-01,12,2024,23.0,4306.0,303.0,0,0,1,0,0,0,0,0,0,0,0.612110862,233.38905573,1179.0,1086.0,3447.0,3867.0,1044.0,1088.0,851.949933912,1479.376998528,1287.0,3818.0,957.6666666666666,1002.2243711649999,-2.4492935982947064e-16,1.0,1000.9184027777765,-977.918402777777,4628.692460317219,-322.69246031721974,648.2916666793717,-345.2916666864917,703.8329069350605,-470.4438512050607,1,489.76679616333786
PFC008,Ialufresh gel buccal flacon 20GR,NC,2024-12-01,12,2024,3.0,3288.0,375.0,0,0,1,0,0,0,0,0,0,0,0.169886855,255.84594225,1189.0,852.0,3214.0,3043.0,852.0,640.0,595.00864566,405.3787648,1005.0,3149.0,727.0,656.2133608796667,-2.4492935982947064e-16,1.0,1102.5812500000004,48.318750000000236,3277.24308557685,10.756914423150574,836.2329928530597,-461.2329928530593,765.4082488004054,-509.5623065504053,0,261.56044256019413
PFC009,Ialuskin crème flacon 70 GR,NC,2024-12-01,12,2024,49.0,2381.0,120.0,0,0,1,0,0,0,0,0,0,0,0.130954442,47.10135576,547.0,257.0,2289.0,2170.0,523.0,180.0,690.6453540299999,153.4447674,370.0,2267.0,366.6666666666667,427.97421651099995,-2.4492935982947064e-16,1.0,424.62500000000017,-375.62500000000006,2570.7361111111095,-189.73611111110975,330.30555555555594,-210.30555555555594,389.97034314613046,-342.8689873861305,1,215.75786251868703
PFC011,Asterane soin lavant doux flacon 30,NC,2024-12-01,12,2024,47.0,4896.0,1222.0,0,0,1,0,0,0,0,0,0,0,0.05208031,805.13367766,4011.0,2290.0,3937.0,4462.0,4023.0,2290.0,4257.16370352,1947.71272217,2899.0,4247.666666666667,2764.3333333333335,2702.916240796667,-2.4492935982947064e-16,1.0,2155.093707451028,-2108.093707451028,6531.990740740969,-1635.990740740967,1472.6556572166255,-250.65565721662617,1701.5723882855564,-896.4387106255557,1,1730.8695554913065
PFC024,Siliskin gel flacon 15 G,NC,2024-12-01,12,2024,4.0,1028.0,35.0,0,0,1,0,0,0,0,0,0,0,0.069271097,11.23456789,451.0,326.0,900.0,805.0,490.0,369.0,517.28672996,375.22409643,379.6666666666667,842.0,376.6666666666667,385.8153480733333,-2.4492935982947064e-16,1.0,203.66206054243997,-199.66206054244003,1288.1527777777778,-260.15277777777766,292.69715042009625,-257.6971504200963,322.5947031028543,-311.36013521285423,0,210.03484573929018
PFC034,Zinc Plus 25 MG gélule boite de 30,C,2024-12-01,12,2024,63.0,2592.0,825.0,0,0,1,0,0,0,0,0,0,0,0.966930671,4.500000009,2229.0,2088.0,2720.0,2504.0,2256.0,1341.0,3399.768657168,143.59654763100002,1958.6666666666667,2954.0,1740.6666666666667,2177.3323410163334,-2.4492935982947064e-16,1.0,1082.6259753838813,-1019.6259753838813,2561.6549261934247,30.3450738065751,1475.1963555579678,-650.1963555579675,3657.973473411098,-653.466323952355,0,599.5528827362978
PFC039,Argino-B Plus boite de 30,A0,2024-12-01,12,2024,60.0,14496.0,5836.0,0,0,1,0,0,0,0,0,0,0,0.083052528,1742.6387800280002,12723.0,7313.0,15659.0,15688.0,9202.0,5157.0,11795.585466784,4829.638910454,9064.333333333334,15834.333333333334,6981.0,7415.042210074001,-2.4492935982947064e-16,1.0,7664.383755321994,2768.002804066521,23895.613141814323,-1000.4815160800409,5337.031250000002,498.9687499999984,5773.012022475044,-4030.3732424470404,1,4467.628462273742
PFC045,Hedelix sirop flacon de 120ML,A+,2024-12-01,12,2024,688.0,58140.0,8212.0,0,0,1,0,0,0,0,0,0,0,0.010444178,8826.117248708,17685.0,8826.0,48069.0,48222.0,14735.0,4241.0,40258.693297375,5902.554107647,10652.333333333334,47678.666666666664,8385.333333333334,18222.779019780664,-2.4492935982947064e-16,1.0,6493.2531287990505,-5805.253128799052,48221.895833333314,9918.104166666693,5697.917393401266,2514.082606598736,305.8317304316182,8520.285518276383,2,7458.513738524895
